{
  "step": [
    20000,
    40000,
    60000,
    80000,
    100000,
    120000,
    140000,
    160000,
    180000,
    200000,
    220000,
    240000,
    260000,
    280000,
    300000,
    320000,
    340000,
    360000,
    380000,
    400000,
    420000,
    440000,
    460000,
    480000,
    500000,
    520000,
    540000,
    560000,
    580000,
    600000,
    620000,
    640000,
    660000,
    680000,
    700000,
    720000,
    740000,
    760000,
    780000,
    800000,
    820000,
    840000,
    860000,
    880000,
    900000
  ],
  "collision_rate": [
    0.19745,
    0.1773,
    0.1538,
    0.1432,
    0.16385,
    0.16885,
    0.1658,
    0.17005,
    0.16885,
    0.1696,
    0.1547,
    0.16745,
    0.1397,
    0.1802,
    0.16865,
    0.1943,
    0.1866,
    0.17235,
    0.18075,
    0.18395,
    0.186,
    0.18405,
    0.1915,
    0.18345,
    0.187,
    0.18275,
    0.1737,
    0.1919,
    0.18295,
    0.1802,
    0.18465,
    0.17815,
    0.17805,
    0.18455,
    0.1896,
    0.18275,
    0.1928,
    0.1775,
    0.17885,
    0.1891,
    0.1864,
    0.17535,
    0.175,
    0.18445,
    0.1893
  ],
  "water_A_rate": [
    0.0,
    0.0,
    0.0,
    0.0,
    0.0,
    0.0,
    0.0,
    0.0,
    0.0,
    0.0,
    0.0,
    0.0,
    0.0,
    0.0,
    0.0,
    0.0,
    0.0,
    0.0,
    0.0,
    0.0,
    0.0,
    0.0,
    0.0,
    0.0,
    0.0,
    0.0,
    0.0,
    0.0,
    0.0,
    0.0,
    0.0,
    0.0,
    0.0,
    0.0,
    0.0,
    0.0,
    0.0,
    0.0,
    0.0,
    0.0,
    0.0,
    0.0,
    0.0,
    0.0,
    0.0
  ],
  "delivery_rate_A": [
    0.1413,
    0.14625,
    0.1371,
    0.13675,
    0.1453,
    0.1494,
    0.1459,
    0.14675,
    0.1471,
    0.1447,
    0.13755,
    0.1443,
    0.142,
    0.1441,
    0.1494,
    0.15025,
    0.14785,
    0.1451,
    0.15,
    0.15005,
    0.1509,
    0.1476,
    0.15275,
    0.1482,
    0.1518,
    0.1502,
    0.14485,
    0.15035,
    0.14905,
    0.15165,
    0.14655,
    0.14705,
    0.14615,
    0.1493,
    0.1501,
    0.14795,
    0.15185,
    0.14825,
    0.14905,
    0.15255,
    0.1488,
    0.14695,
    0.14955,
    0.1519,
    0.1486
  ],
  "delivery_rate_B": [
    0.13955,
    0.14655,
    0.1494,
    0.1449,
    0.14575,
    0.14185,
    0.1452,
    0.1488,
    0.14105,
    0.1426,
    0.1455,
    0.1432,
    0.1464,
    0.1501,
    0.1411,
    0.14975,
    0.1473,
    0.14915,
    0.1485,
    0.1501,
    0.1472,
    0.15155,
    0.1515,
    0.14905,
    0.1495,
    0.148,
    0.1474,
    0.15105,
    0.1515,
    0.14585,
    0.14945,
    0.15315,
    0.14715,
    0.14795,
    0.1527,
    0.1469,
    0.15055,
    0.14605,
    0.14565,
    0.1493,
    0.15215,
    0.14735,
    0.1434,
    0.14755,
    0.1515
  ],
  "avg_return_A": [
    -24.75,
    -25.15,
    -23.25,
    -16.75,
    -19.0,
    -14.0,
    -23.65,
    -9.95,
    -18.95,
    -20.9,
    -15.8,
    -10.2,
    -15.25,
    -22.25,
    -15.65,
    -21.55,
    -20.1,
    -13.7,
    -18.5,
    -24.55,
    -19.8,
    -17.4,
    -23.75,
    -26.95,
    -14.7,
    -18.25,
    -17.05,
    -26.0,
    -20.8,
    -18.8,
    -23.95,
    -19.85,
    -20.1,
    -23.35,
    -19.7,
    -23.35,
    -21.05,
    -17.35,
    -20.5,
    -18.9,
    -19.4,
    -17.4,
    -18.6,
    -18.3,
    -23.3
  ],
  "avg_return_B": [
    -26.905,
    -45.555,
    -55.705,
    -29.25,
    -29.6,
    -25.235,
    -35.595,
    -41.815,
    -29.31,
    -36.685,
    -22.35,
    -23.61,
    -24.545,
    -14.2,
    -9.82,
    -16.23,
    -13.015,
    -9.455,
    -16.095,
    -23.33,
    -12.025,
    -11.68,
    -17.88,
    -22.4,
    -13.44,
    -10.925,
    -6.85,
    -16.53,
    -14.185,
    -8.965,
    -17.98,
    -13.615,
    -16.085,
    -12.945,
    -10.42,
    -17.595,
    -11.885,
    -9.4,
    -14.305,
    -7.96,
    -13.995,
    -9.145,
    -13.025,
    -14.195,
    -11.38
  ],
  "avg_steps_A": [
    10.0,
    10.03,
    9.9,
    10.15,
    10.15,
    10.15,
    10.18,
    9.99,
    10.24,
    10.53,
    9.91,
    9.79,
    10.0,
    10.0,
    9.73,
    9.71,
    9.42,
    9.64,
    9.8,
    10.01,
    10.16,
    9.83,
    10.05,
    10.09,
    9.74,
    9.85,
    10.26,
    9.8,
    9.71,
    10.21,
    10.09,
    9.77,
    10.37,
    10.12,
    9.59,
    9.87,
    9.96,
    9.77,
    9.7,
    10.03,
    10.03,
    10.13,
    10.02,
    9.71,
    9.91
  ],
  "avg_steps_B": [
    11.445,
    14.975,
    17.465,
    13.68,
    12.01,
    12.015,
    11.935,
    14.975,
    13.29,
    13.555,
    11.21,
    12.97,
    11.355,
    8.74,
    8.75,
    8.79,
    8.875,
    8.485,
    8.755,
    8.6,
    8.745,
    8.57,
    8.6,
    8.56,
    8.72,
    8.675,
    8.68,
    8.58,
    8.565,
    8.685,
    8.59,
    8.455,
    8.805,
    8.725,
    8.62,
    8.605,
    8.525,
    8.46,
    8.555,
    8.68,
    8.535,
    8.555,
    8.425,
    8.805,
    8.45
  ],
  "A_dry_cross_share": [
    1.0,
    1.0,
    1.0,
    1.0,
    1.0,
    1.0,
    1.0,
    1.0,
    1.0,
    1.0,
    1.0,
    1.0,
    1.0,
    1.0,
    1.0,
    1.0,
    1.0,
    1.0,
    1.0,
    1.0,
    1.0,
    1.0,
    1.0,
    1.0,
    1.0,
    1.0,
    1.0,
    1.0,
    1.0,
    1.0,
    1.0,
    1.0,
    1.0,
    1.0,
    1.0,
    1.0,
    1.0,
    1.0,
    1.0,
    1.0,
    1.0,
    1.0,
    1.0,
    1.0,
    1.0
  ],
  "B_flooded_cross_share": [
    0.7876106194690266,
    0.8493975903614458,
    0.8687068114511353,
    0.840389294403893,
    0.8530097993467102,
    0.6527126590756865,
    0.7677873338545739,
    0.8995568685376661,
    0.6081319976428993,
    0.7636221089768718,
    0.6094003241491086,
    0.64431654676259,
    0.9222972972972973,
    0.5309424885195714,
    0.6841097638800255,
    0.5232876712328767,
    0.4997875955819881,
    0.4815761448349308,
    0.5548346588530766,
    0.48852253756260433,
    0.5317543491930413,
    0.4928840519045626,
    0.5208549491595766,
    0.479555462361082,
    0.49250936329588013,
    0.4976221357544315,
    0.5393470071159481,
    0.4914225941422594,
    0.5135983263598326,
    0.5114327669393749,
    0.5094930106405174,
    0.5069037656903765,
    0.5038437564928319,
    0.5220773759461732,
    0.5098364050528059,
    0.5086584602545379,
    0.499684276994317,
    0.4927385892116183,
    0.48579189302131215,
    0.508303552659239,
    0.5166841552990556,
    0.5027310924369748,
    0.49937939594538683,
    0.5249366018596788,
    0.5345622119815668
  ],
  "eps_A": [
    0.0,
    0.0,
    0.0,
    0.0,
    0.0,
    0.0,
    0.0,
    0.0,
    0.0,
    0.0,
    0.0,
    0.0,
    0.0,
    0.0,
    0.0,
    0.0,
    0.0,
    0.0,
    0.0,
    0.0,
    0.0,
    0.0,
    0.0,
    0.0,
    0.0,
    0.0,
    0.0,
    0.0,
    0.0,
    0.0,
    0.0,
    0.0,
    0.0,
    0.0,
    0.0,
    0.0,
    0.0,
    0.0,
    0.0,
    0.0,
    0.0,
    0.0,
    0.0,
    0.0,
    0.0
  ],
  "eps_B": [
    0.0975,
    0.095,
    0.0925,
    0.09,
    0.08750000000000001,
    0.085,
    0.0825,
    0.08,
    0.0775,
    0.07500000000000001,
    0.07250000000000001,
    0.07,
    0.0675,
    0.065,
    0.0625,
    0.06,
    0.0575,
    0.055,
    0.052500000000000005,
    0.05,
    0.05,
    0.05,
    0.05,
    0.05,
    0.05,
    0.05,
    0.05,
    0.05,
    0.05,
    0.05,
    0.05,
    0.05,
    0.05,
    0.05,
    0.05,
    0.05,
    0.05,
    0.05,
    0.05,
    0.05,
    0.05,
    0.05,
    0.05,
    0.05,
    0.05
  ]
}