{
  "step": [
    20000,
    40000,
    60000,
    80000,
    100000,
    120000,
    140000,
    160000,
    180000,
    200000,
    220000,
    240000,
    260000,
    280000,
    300000,
    320000,
    340000,
    360000,
    380000,
    400000,
    420000,
    440000,
    460000,
    480000,
    500000,
    520000,
    540000,
    560000,
    580000,
    600000
  ],
  "collision_rate": [
    0.0,
    0.0,
    0.0,
    0.0,
    0.0,
    0.0,
    0.0,
    0.0,
    0.0,
    0.0,
    0.0,
    0.0,
    0.0,
    0.0,
    0.0,
    0.0,
    0.0,
    0.0,
    0.0,
    0.0,
    0.0,
    0.0,
    0.0,
    0.0,
    0.0,
    0.0,
    0.0,
    0.0,
    0.0,
    0.0
  ],
  "water_A_rate": [
    0.0104,
    0.0066,
    0.0065,
    0.0056,
    0.00695,
    0.00685,
    0.006,
    0.0065,
    0.00555,
    0.0057,
    0.00565,
    0.0045,
    0.00495,
    0.0041,
    0.00545,
    0.0047,
    0.0041,
    0.00395,
    0.00435,
    0.00525,
    0.00455,
    0.00385,
    0.00435,
    0.0046,
    0.00405,
    0.00455,
    0.00325,
    0.0044,
    0.00405,
    0.00455
  ],
  "delivery_rate_A": [
    0.147,
    0.15185,
    0.15065,
    0.1434,
    0.1458,
    0.14885,
    0.14875,
    0.1554,
    0.14445,
    0.1544,
    0.14905,
    0.1505,
    0.152,
    0.153,
    0.14865,
    0.14505,
    0.1468,
    0.14895,
    0.14445,
    0.149,
    0.148,
    0.1506,
    0.1528,
    0.14705,
    0.14805,
    0.15265,
    0.14935,
    0.14745,
    0.1464,
    0.14995
  ],
  "delivery_rate_B": [
    0.0,
    0.0,
    0.0,
    0.0,
    0.0,
    0.0,
    0.0,
    0.0,
    0.0,
    0.0,
    0.0,
    0.0,
    0.0,
    0.0,
    0.0,
    0.0,
    0.0,
    0.0,
    0.0,
    0.0,
    0.0,
    0.0,
    0.0,
    0.0,
    0.0,
    0.0,
    0.0,
    0.0,
    0.0,
    0.0
  ],
  "avg_return_A": [
    3.375,
    3.72,
    2.93,
    6.48,
    2.725,
    4.985,
    5.195,
    4.985,
    6.865,
    3.665,
    4.85,
    8.005,
    6.275,
    6.12,
    6.425,
    7.945,
    4.54,
    7.935,
    5.945,
    7.535,
    6.865,
    7.45,
    7.48,
    7.94,
    7.25,
    8.82,
    6.555,
    7.19,
    7.93,
    7.0
  ],
  "avg_return_B": [
    NaN,
    NaN,
    NaN,
    NaN,
    NaN,
    NaN,
    NaN,
    NaN,
    NaN,
    NaN,
    NaN,
    NaN,
    NaN,
    NaN,
    NaN,
    NaN,
    NaN,
    NaN,
    NaN,
    NaN,
    NaN,
    NaN,
    NaN,
    NaN,
    NaN,
    NaN,
    NaN,
    NaN,
    NaN,
    NaN
  ],
  "avg_steps_A": [
    11.235,
    11.14,
    11.33,
    10.64,
    11.245,
    10.945,
    10.775,
    10.975,
    10.595,
    11.105,
    10.91,
    10.305,
    10.715,
    10.78,
    10.665,
    10.395,
    10.99,
    10.395,
    10.595,
    10.415,
    10.495,
    10.48,
    10.44,
    10.34,
    10.36,
    10.21,
    10.615,
    10.5,
    10.42,
    10.49
  ],
  "avg_steps_B": [
    NaN,
    NaN,
    NaN,
    NaN,
    NaN,
    NaN,
    NaN,
    NaN,
    NaN,
    NaN,
    NaN,
    NaN,
    NaN,
    NaN,
    NaN,
    NaN,
    NaN,
    NaN,
    NaN,
    NaN,
    NaN,
    NaN,
    NaN,
    NaN,
    NaN,
    NaN,
    NaN,
    NaN,
    NaN,
    NaN
  ],
  "A_dry_cross_share": [
    0.9536489151873767,
    0.9608120868744098,
    0.9691275167785235,
    0.9710144927536232,
    0.9566854990583804,
    0.9595660749506904,
    0.9648964896489649,
    0.9661482159194876,
    0.9661495063469676,
    0.971824480369515,
    0.9685816876122083,
    0.9742710120068611,
    0.970989010989011,
    0.9798783341132429,
    0.9696969696969697,
    0.9696969696969697,
    0.9741379310344828,
    0.9756657483930211,
    0.9735621521335807,
    0.9730983302411874,
    0.9726086956521739,
    0.9808093450146016,
    0.9811472121941436,
    0.9766277128547579,
    0.9770310506167589,
    0.9779887785930081,
    0.9813721035892776,
    0.9776674937965261,
    0.9789081885856079,
    0.9724076546506453
  ],
  "B_flooded_cross_share": [
    0.0,
    0.0,
    0.0,
    0.0,
    0.0,
    0.0,
    0.0,
    0.0,
    0.0,
    0.0,
    0.0,
    0.0,
    0.0,
    0.0,
    0.0,
    0.0,
    0.0,
    0.0,
    0.0,
    0.0,
    0.0,
    0.0,
    0.0,
    0.0,
    0.0,
    0.0,
    0.0,
    0.0,
    0.0,
    0.0
  ],
  "eps_A": [
    0.0975,
    0.095,
    0.0925,
    0.09,
    0.08750000000000001,
    0.085,
    0.0825,
    0.08,
    0.0775,
    0.07500000000000001,
    0.07250000000000001,
    0.07,
    0.0675,
    0.065,
    0.0625,
    0.06,
    0.0575,
    0.055,
    0.052500000000000005,
    0.05,
    0.05,
    0.05,
    0.05,
    0.05,
    0.05,
    0.05,
    0.05,
    0.05,
    0.05,
    0.05
  ],
  "eps_B": [
    0.0975,
    0.095,
    0.0925,
    0.09,
    0.08750000000000001,
    0.085,
    0.0825,
    0.08,
    0.0775,
    0.07500000000000001,
    0.07250000000000001,
    0.07,
    0.0675,
    0.065,
    0.0625,
    0.06,
    0.0575,
    0.055,
    0.052500000000000005,
    0.05,
    0.05,
    0.05,
    0.05,
    0.05,
    0.05,
    0.05,
    0.05,
    0.05,
    0.05,
    0.05
  ]
}