{
  "step": [
    20000,
    40000,
    60000,
    80000,
    100000,
    120000
  ],
  "collision_rate": [
    0.0468,
    0.04335,
    0.0463,
    0.0478,
    0.0399,
    0.0489
  ],
  "water_A_rate": [
    0.0043,
    0.00465,
    0.00415,
    0.00435,
    0.00455,
    0.0047
  ],
  "delivery_rate_A": [
    0.55005,
    0.546,
    0.5516,
    0.5482,
    0.5511,
    0.54755
  ],
  "delivery_rate_B": [
    0.5497,
    0.55065,
    0.54595,
    0.5509,
    0.5449,
    0.55
  ],
  "avg_return_A": [
    12.395,
    12.455,
    13.04,
    11.29,
    12.82,
    11.07
  ],
  "avg_return_B": [
    13.255,
    13.04,
    11.05,
    12.495,
    12.995,
    12.775
  ],
  "avg_steps_A": [
    10.125,
    10.025,
    9.94,
    10.51,
    10.02,
    10.6
  ],
  "avg_steps_B": [
    10.035,
    10.08,
    10.66,
    10.095,
    9.895,
    9.895
  ],
  "A_dry_cross_share": [
    0.9949341438703141,
    0.995399948888321,
    0.9970186335403727,
    0.9957393483709274,
    0.9962751427861932,
    0.996210207175341
  ],
  "B_flooded_cross_share": [
    0.9939622641509434,
    0.9977466199298949,
    0.9954499494438828,
    0.9957711442786069,
    0.9961802902979373,
    0.9964646464646465
  ],
  "eps_A": [
    0.01,
    0.01,
    0.01,
    0.01,
    0.01,
    0.01
  ],
  "eps_B": [
    0.01,
    0.01,
    0.01,
    0.01,
    0.01,
    0.01
  ]
}