{
  "step": [
    20000,
    40000,
    60000,
    80000,
    100000,
    120000,
    140000,
    160000
  ],
  "collision_rate": [
    0.0,
    0.0,
    0.0,
    0.0,
    0.0,
    0.0,
    0.0,
    0.0
  ],
  "water_A_rate": [
    0.0,
    0.0,
    0.0,
    0.0,
    0.0,
    0.0,
    0.0,
    0.0
  ],
  "delivery_rate_A": [
    0.0,
    0.0,
    0.0,
    0.0,
    0.0,
    0.0,
    0.0,
    0.0
  ],
  "delivery_rate_B": [
    0.00885,
    0.01625,
    0.0265,
    0.03975,
    0.05705,
    0.0732,
    0.0926,
    0.11265
  ],
  "avg_return_A": [
    NaN,
    NaN,
    NaN,
    NaN,
    NaN,
    NaN,
    NaN,
    NaN
  ],
  "avg_return_B": [
    -461.05649717514126,
    -185.99,
    -98.175,
    -48.185,
    -15.38,
    0.4,
    12.32,
    19.36
  ],
  "avg_steps_A": [
    NaN,
    NaN,
    NaN,
    NaN,
    NaN,
    NaN,
    NaN,
    NaN
  ],
  "avg_steps_B": [
    112.78531073446328,
    52.3,
    33.335,
    22.565,
    15.58,
    12.13,
    9.63,
    8.14
  ],
  "A_dry_cross_share": [
    0.0,
    0.0,
    0.0,
    0.0,
    0.0,
    0.0,
    0.0,
    0.0
  ],
  "B_flooded_cross_share": [
    0.5149532710280373,
    0.5153110047846889,
    0.49475966750993855,
    0.5014845605700713,
    0.4921974929649527,
    0.49683914774057597,
    0.5021891418563923,
    0.5033929673041333
  ],
  "eps_A": [
    0.010000000000000009,
    0.010000000000000009,
    0.010000000000000009,
    0.010000000000000009,
    0.010000000000000009,
    0.010000000000000009,
    0.010000000000000009,
    0.010000000000000009
  ],
  "eps_B": [
    0.87625,
    0.7525,
    0.62875,
    0.505,
    0.38125,
    0.25750000000000006,
    0.13375000000000004,
    0.010000000000000009
  ]
}