{
  "step": [
    20000,
    40000,
    60000,
    80000,
    100000,
    120000,
    140000,
    160000,
    180000,
    200000,
    220000,
    240000,
    260000,
    280000,
    300000,
    320000,
    340000,
    360000,
    380000,
    400000,
    420000,
    440000,
    460000,
    480000,
    500000,
    520000,
    540000,
    560000,
    580000,
    600000
  ],
  "collision_rate": [
    0.02025,
    0.0192,
    0.0204,
    0.0206,
    0.02465,
    0.0218,
    0.01965,
    0.02025,
    0.0238,
    0.0189,
    0.0251,
    0.02355,
    0.0217,
    0.0242,
    0.02335,
    0.0186,
    0.0224,
    0.0237,
    0.01995,
    0.02185,
    0.0218,
    0.02235,
    0.02035,
    0.0217,
    0.0185,
    0.02215,
    0.02055,
    0.0225,
    0.02225,
    0.024
  ],
  "water_A_rate": [
    0.00245,
    0.00205,
    0.0018,
    0.0021,
    0.00285,
    0.0023,
    0.00235,
    0.00235,
    0.00165,
    0.00185,
    0.0026,
    0.0023,
    0.0029,
    0.0027,
    0.0027,
    0.0019,
    0.0021,
    0.0023,
    0.00215,
    0.00165,
    0.00205,
    0.0021,
    0.0022,
    0.00225,
    0.0022,
    0.00235,
    0.0022,
    0.00265,
    0.0025,
    0.00235
  ],
  "delivery_rate_A": [
    0.55085,
    0.55285,
    0.55315,
    0.5514,
    0.549,
    0.5527,
    0.5524,
    0.55135,
    0.5519,
    0.55365,
    0.54975,
    0.5515,
    0.55345,
    0.55335,
    0.55435,
    0.5508,
    0.55525,
    0.55195,
    0.55185,
    0.55495,
    0.55235,
    0.553,
    0.55185,
    0.5543,
    0.55375,
    0.55205,
    0.55325,
    0.55065,
    0.54645,
    0.5562
  ],
  "delivery_rate_B": [
    0.55035,
    0.54905,
    0.54915,
    0.5495,
    0.5496,
    0.5487,
    0.5517,
    0.54925,
    0.54885,
    0.5484,
    0.5492,
    0.5512,
    0.55115,
    0.5494,
    0.5497,
    0.55315,
    0.54465,
    0.5554,
    0.5483,
    0.5496,
    0.54795,
    0.5501,
    0.5525,
    0.5494,
    0.5534,
    0.55425,
    0.5529,
    0.55045,
    0.5529,
    0.55035
  ],
  "avg_return_A": [
    12.245,
    12.215,
    11.285,
    13.75,
    15.23,
    10.655,
    13.29,
    13.765,
    12.39,
    13.21,
    13.88,
    11.755,
    13.225,
    12.825,
    12.615,
    13.745,
    13.08,
    12.27,
    12.54,
    12.43,
    13.51,
    13.72,
    12.49,
    14.475,
    12.2,
    13.845,
    13.71,
    12.96,
    11.37,
    14.51
  ],
  "avg_return_B": [
    14.34,
    13.185,
    15.75,
    13.33,
    13.78,
    14.99,
    13.65,
    14.485,
    11.98,
    13.36,
    14.355,
    15.635,
    13.14,
    14.18,
    11.815,
    13.1,
    12.165,
    12.785,
    13.125,
    13.495,
    11.705,
    13.545,
    12.61,
    12.785,
    13.92,
    12.08,
    12.625,
    14.41,
    12.735,
    12.58
  ],
  "avg_steps_A": [
    10.395,
    10.325,
    10.645,
    9.97,
    9.55,
    10.655,
    10.11,
    9.965,
    9.99,
    10.23,
    9.99,
    10.695,
    10.055,
    10.025,
    9.755,
    9.905,
    9.84,
    10.4,
    10.42,
    10.34,
    9.77,
    9.98,
    10.1,
    9.655,
    10.36,
    9.805,
    9.87,
    10.24,
    10.57,
    9.75
  ],
  "avg_steps_B": [
    9.8,
    10.125,
    9.38,
    10.06,
    10.02,
    9.51,
    9.89,
    9.775,
    10.34,
    10.15,
    9.855,
    9.395,
    9.94,
    9.73,
    10.475,
    10.09,
    10.155,
    10.165,
    10.135,
    9.915,
    10.365,
    10.005,
    10.1,
    10.235,
    9.9,
    10.37,
    10.315,
    9.78,
    10.205,
    10.36
  ],
  "A_dry_cross_share": [
    0.9979884334925824,
    0.9977443609022556,
    0.9976810100489565,
    0.9989886219974715,
    0.99700524082855,
    0.9969481180061037,
    0.9985011241568823,
    0.9984783160030434,
    0.9982282966337636,
    0.9987468671679198,
    0.9974874371859297,
    0.9979648944288985,
    0.9977139954279909,
    0.9987487487487487,
    0.9985115355991069,
    0.9982442939553549,
    0.997258225324028,
    0.9982314300151591,
    0.9982504373906523,
    0.9987493746873437,
    0.9975006248437891,
    0.9982464929859719,
    0.9984943538268507,
    0.99925,
    0.9982513115163627,
    0.9979904546596332,
    0.9975012493753124,
    0.9974444160490672,
    0.9964285714285714,
    0.9975229130542482
  ],
  "B_flooded_cross_share": [
    0.9987430869783811,
    0.9977192093258996,
    0.9992568739162745,
    0.9977295660948536,
    0.9987540493396462,
    0.9977678571428571,
    0.9979833627426267,
    0.9989969909729187,
    0.9974931060416145,
    0.9987357774968394,
    0.9962111644354635,
    0.9962339944765253,
    0.9987515605493134,
    0.9984752223634054,
    0.998234552332913,
    0.9966794380587484,
    0.9976875642343268,
    0.99675,
    0.9972458688032048,
    0.9977783263391755,
    0.9992435703479576,
    0.9982543640897755,
    0.9982389937106918,
    0.9994931576279777,
    0.9972396486825597,
    0.9987484355444305,
    0.9967088607594937,
    0.9972839506172839,
    0.9985052316890882,
    0.9992433795712484
  ],
  "eps_A": [
    0.005,
    0.005,
    0.005,
    0.005,
    0.005,
    0.005,
    0.005,
    0.005,
    0.005,
    0.005,
    0.005,
    0.005,
    0.005,
    0.005,
    0.005,
    0.005,
    0.005,
    0.005,
    0.005,
    0.005,
    0.005,
    0.005,
    0.005,
    0.005,
    0.005,
    0.005,
    0.005,
    0.005,
    0.005,
    0.005
  ],
  "eps_B": [
    0.005,
    0.005,
    0.005,
    0.005,
    0.005,
    0.005,
    0.005,
    0.005,
    0.005,
    0.005,
    0.005,
    0.005,
    0.005,
    0.005,
    0.005,
    0.005,
    0.005,
    0.005,
    0.005,
    0.005,
    0.005,
    0.005,
    0.005,
    0.005,
    0.005,
    0.005,
    0.005,
    0.005,
    0.005,
    0.005
  ]
}