{
  "step": [
    25000,
    50000,
    75000,
    100000
  ],
  "collision_rate": [
    0.00956,
    0.013,
    0.01088,
    0.01032
  ],
  "water_A_rate": [
    0.00132,
    0.00176,
    0.00136,
    0.00144
  ],
  "delivery_rate_A": [
    0.37976,
    0.38088,
    0.3796,
    0.38176
  ],
  "delivery_rate_B": [
    0.37976,
    0.37964,
    0.38188,
    0.3796
  ],
  "avg_return_A": [
    13.96,
    13.21,
    14.025,
    13.995
  ],
  "avg_return_B": [
    13.75,
    12.725,
    12.92,
    13.435
  ],
  "avg_steps_A": [
    9.93,
    10.21,
    9.915,
    9.915
  ],
  "avg_steps_B": [
    10.05,
    10.355,
    10.32,
    10.085
  ],
  "A_dry_cross_share": [
    0.9979842773634348,
    0.9979810216030689,
    0.9983696759730997,
    0.9978204874182682
  ],
  "B_flooded_cross_share": [
    0.9981978374048859,
    0.9981953078002808,
    0.9978161604129442,
    0.9979806138933764
  ],
  "eps_A": [
    0.005,
    0.005,
    0.005,
    0.005
  ],
  "eps_B": [
    0.005,
    0.005,
    0.005,
    0.005
  ]
}