{
  "step": [
    20000,
    40000,
    60000,
    80000,
    100000,
    120000,
    140000,
    160000,
    180000,
    200000
  ],
  "collision_rate": [
    0.0,
    0.0,
    0.0,
    0.0,
    0.0,
    0.0,
    0.0,
    0.0,
    0.0,
    0.0
  ],
  "water_A_rate": [
    0.01905,
    0.0261,
    0.02645,
    0.02755,
    0.02345,
    0.0239,
    0.02095,
    0.0151,
    0.0105,
    0.0047
  ],
  "delivery_rate_A": [
    0.0084,
    0.0153,
    0.023,
    0.0317,
    0.042,
    0.052,
    0.062,
    0.0724,
    0.08245,
    0.0936
  ],
  "delivery_rate_B": [
    0.0,
    0.0,
    0.0,
    0.0,
    0.0,
    0.0,
    0.0,
    0.0,
    0.0,
    0.0
  ],
  "avg_return_A": [
    -530.452380952381,
    -254.055,
    -144.625,
    -93.265,
    -50.875,
    -29.555,
    -16.885,
    -4.23,
    4.415,
    13.8
  ],
  "avg_return_B": [
    NaN,
    NaN,
    NaN,
    NaN,
    NaN,
    NaN,
    NaN,
    NaN,
    NaN,
    NaN
  ],
  "avg_steps_A": [
    118.36904761904762,
    60.665,
    38.895,
    29.155,
    21.485,
    17.245,
    14.905,
    13.02,
    11.655,
    9.96
  ],
  "avg_steps_B": [
    NaN,
    NaN,
    NaN,
    NaN,
    NaN,
    NaN,
    NaN,
    NaN,
    NaN,
    NaN
  ],
  "A_dry_cross_share": [
    0.535931790499391,
    0.5624476110645432,
    0.6213314244810307,
    0.6545454545454545,
    0.7445533769063181,
    0.7825295723384895,
    0.8353634577603143,
    0.8921043229724902,
    0.9352051835853131,
    0.9750464560658348
  ],
  "B_flooded_cross_share": [
    0.0,
    0.0,
    0.0,
    0.0,
    0.0,
    0.0,
    0.0,
    0.0,
    0.0,
    0.0
  ],
  "eps_A": [
    0.901,
    0.802,
    0.7030000000000001,
    0.604,
    0.505,
    0.406,
    0.30700000000000005,
    0.20799999999999996,
    0.10899999999999999,
    0.010000000000000009
  ],
  "eps_B": [
    0.901,
    0.802,
    0.7030000000000001,
    0.604,
    0.505,
    0.406,
    0.30700000000000005,
    0.20799999999999996,
    0.10899999999999999,
    0.010000000000000009
  ]
}