{
  "step": [
    20000,
    40000,
    60000,
    80000,
    100000,
    120000
  ],
  "collision_rate": [
    0.0411,
    0.0422,
    0.05645,
    0.0456,
    0.04965,
    0.0417
  ],
  "water_A_rate": [
    0.0039,
    0.00455,
    0.0037,
    0.00475,
    0.00515,
    0.00425
  ],
  "delivery_rate_A": [
    0.5469,
    0.5454,
    0.5518,
    0.54945,
    0.54695,
    0.54765
  ],
  "delivery_rate_B": [
    0.54855,
    0.5547,
    0.54915,
    0.547,
    0.5504,
    0.55175
  ],
  "avg_return_A": [
    12.745,
    12.04,
    12.835,
    14.095,
    12.985,
    13.62
  ],
  "avg_return_B": [
    12.84,
    12.48,
    11.695,
    11.73,
    10.28,
    14.325
  ],
  "avg_steps_A": [
    10.205,
    10.31,
    9.905,
    9.635,
    9.865,
    10.02
  ],
  "avg_steps_B": [
    10.28,
    10.14,
    10.395,
    10.5,
    10.51,
    9.805
  ],
  "A_dry_cross_share": [
    0.9972151898734177,
    0.9959534648457259,
    0.9950738916256158,
    0.9936676798378926,
    0.9962330487192366,
    0.9969612560141808
  ],
  "B_flooded_cross_share": [
    0.9962178517397882,
    0.995330548046203,
    0.9928607853136155,
    0.9966717869943676,
    0.9952452452452453,
    0.9970014992503748
  ],
  "eps_A": [
    0.01,
    0.01,
    0.01,
    0.01,
    0.01,
    0.01
  ],
  "eps_B": [
    0.01,
    0.01,
    0.01,
    0.01,
    0.01,
    0.01
  ]
}