{
  "step": [
    20000,
    40000,
    60000,
    80000,
    100000,
    120000,
    140000,
    160000,
    180000,
    200000,
    220000,
    240000
  ],
  "collision_rate": [
    1.1071,
    1.1245,
    1.0832,
    1.0649,
    1.0319,
    0.857,
    0.62,
    0.51675,
    0.476,
    0.37605,
    0.25145,
    0.112
  ],
  "water_A_rate": [
    0.0675,
    0.07375,
    0.0695,
    0.06605,
    0.06395,
    0.0617,
    0.05945,
    0.0523,
    0.0492,
    0.0379,
    0.02725,
    0.0136
  ],
  "delivery_rate_A": [
    0.18165,
    0.2079,
    0.22405,
    0.2355,
    0.25015,
    0.2634,
    0.2744,
    0.2872,
    0.3048,
    0.32405,
    0.3377,
    0.36075
  ],
  "delivery_rate_B": [
    0.19605,
    0.22365,
    0.2413,
    0.26195,
    0.2723,
    0.2833,
    0.28365,
    0.2988,
    0.32195,
    0.33635,
    0.34945,
    0.35875
  ],
  "avg_return_A": [
    -92.87,
    -80.38,
    -73.15,
    -65.155,
    -56.985,
    -39.995,
    -36.305,
    -17.12,
    -18.275,
    -11.53,
    0.285,
    10.425
  ],
  "avg_return_B": [
    -84.01,
    -73.065,
    -65.675,
    -49.895,
    -42.55,
    -29.47,
    -21.84,
    -11.195,
    -5.265,
    -2.1,
    2.955,
    11.035
  ],
  "avg_steps_A": [
    19.09,
    17.55,
    16.58,
    16.235,
    15.425,
    14.395,
    14.615,
    13.23,
    12.265,
    11.89,
    10.925,
    10.415
  ],
  "avg_steps_B": [
    18.63,
    17.265,
    16.285,
    14.745,
    13.98,
    13.27,
    13.1,
    12.695,
    10.845,
    10.83,
    10.895,
    10.455
  ],
  "A_dry_cross_share": [
    0.7616790792146242,
    0.7949454336588168,
    0.8170865279299014,
    0.8428196147110333,
    0.8580940491052851,
    0.890570021111893,
    0.9027097616715638,
    0.9252279635258359,
    0.9316661820296598,
    0.9513023782559457,
    0.9656593406593407,
    0.9875421749286271
  ],
  "B_flooded_cross_share": [
    0.5158898305084746,
    0.5379682753965576,
    0.5597914630172695,
    0.5578854105138806,
    0.6436265709156194,
    0.6927553098632528,
    0.821933621933622,
    0.8851508120649652,
    0.8073394495412844,
    0.8501670521716782,
    0.8817480719794345,
    0.9849740932642487
  ],
  "eps_A": [
    0.4608,
    0.4216,
    0.3824,
    0.3432,
    0.304,
    0.26480000000000004,
    0.22559999999999997,
    0.1864,
    0.1472,
    0.10799999999999998,
    0.06880000000000003,
    0.029600000000000015
  ],
  "eps_B": [
    0.4608,
    0.4216,
    0.3824,
    0.3432,
    0.304,
    0.26480000000000004,
    0.22559999999999997,
    0.1864,
    0.1472,
    0.10799999999999998,
    0.06880000000000003,
    0.029600000000000015
  ]
}