{
  "step": [
    20000,
    40000,
    60000,
    80000,
    100000,
    120000,
    140000,
    160000
  ],
  "collision_rate": [
    0.0,
    0.0,
    0.0,
    0.0,
    0.0,
    0.0,
    0.0,
    0.0
  ],
  "water_A_rate": [
    0.0,
    0.0,
    0.0,
    0.0,
    0.0,
    0.0,
    0.0,
    0.0
  ],
  "delivery_rate_A": [
    0.0,
    0.0,
    0.0,
    0.0,
    0.0,
    0.0,
    0.0,
    0.0
  ],
  "delivery_rate_B": [
    0.00955,
    0.01575,
    0.0267,
    0.04225,
    0.05545,
    0.0751,
    0.09235,
    0.11325
  ],
  "avg_return_A": [
    NaN,
    NaN,
    NaN,
    NaN,
    NaN,
    NaN,
    NaN,
    NaN
  ],
  "avg_return_B": [
    -422.5340314136126,
    -204.39,
    -95.02,
    -42.56,
    -17.94,
    2.165,
    11.605,
    19.23
  ],
  "avg_steps_A": [
    NaN,
    NaN,
    NaN,
    NaN,
    NaN,
    NaN,
    NaN,
    NaN
  ],
  "avg_steps_B": [
    104.58638743455498,
    56.4,
    32.67,
    21.45,
    16.1,
    11.845,
    9.795,
    8.17
  ],
  "A_dry_cross_share": [
    0.0,
    0.0,
    0.0,
    0.0,
    0.0,
    0.0,
    0.0,
    0.0
  ],
  "B_flooded_cross_share": [
    0.527147087857848,
    0.4965197215777262,
    0.5009830908375934,
    0.5117162761241292,
    0.49547325102880657,
    0.49772018238540916,
    0.4953354064860062,
    0.520190515634707
  ],
  "eps_A": [
    0.010000000000000009,
    0.010000000000000009,
    0.010000000000000009,
    0.010000000000000009,
    0.010000000000000009,
    0.010000000000000009,
    0.010000000000000009,
    0.010000000000000009
  ],
  "eps_B": [
    0.87625,
    0.7525,
    0.62875,
    0.505,
    0.38125,
    0.25750000000000006,
    0.13375000000000004,
    0.010000000000000009
  ]
}