{
  "step": [
    20000,
    40000,
    60000,
    80000,
    100000,
    120000,
    140000,
    160000,
    180000,
    200000,
    220000,
    240000,
    260000,
    280000,
    300000,
    320000,
    340000,
    360000,
    380000,
    400000,
    420000,
    440000,
    460000,
    480000,
    500000,
    520000,
    540000,
    560000,
    580000,
    600000
  ],
  "collision_rate": [
    0.025,
    0.0243,
    0.02365,
    0.022,
    0.02595,
    0.0233,
    0.01995,
    0.02055,
    0.02055,
    0.0229,
    0.02295,
    0.02065,
    0.02065,
    0.0246,
    0.02245,
    0.0249,
    0.02135,
    0.0216,
    0.02305,
    0.0242,
    0.02325,
    0.02455,
    0.02425,
    0.02495,
    0.02585,
    0.022,
    0.0234,
    0.03035,
    0.0201,
    0.0227
  ],
  "water_A_rate": [
    0.002,
    0.0022,
    0.00185,
    0.002,
    0.00235,
    0.0021,
    0.0019,
    0.00175,
    0.0022,
    0.00215,
    0.0024,
    0.00225,
    0.0022,
    0.00205,
    0.00175,
    0.0023,
    0.0024,
    0.0017,
    0.0021,
    0.00215,
    0.002,
    0.00235,
    0.0026,
    0.0026,
    0.0025,
    0.00195,
    0.0021,
    0.00265,
    0.00225,
    0.0027
  ],
  "delivery_rate_A": [
    0.54815,
    0.5534,
    0.5495,
    0.5511,
    0.55285,
    0.5468,
    0.5566,
    0.54735,
    0.5531,
    0.55305,
    0.5509,
    0.5535,
    0.55565,
    0.5527,
    0.5533,
    0.55315,
    0.55065,
    0.55295,
    0.547,
    0.5497,
    0.5497,
    0.55185,
    0.55115,
    0.5497,
    0.55055,
    0.5538,
    0.55085,
    0.55265,
    0.55605,
    0.5507
  ],
  "delivery_rate_B": [
    0.55545,
    0.54725,
    0.55275,
    0.55145,
    0.54765,
    0.55305,
    0.54945,
    0.55385,
    0.54955,
    0.5528,
    0.55225,
    0.5477,
    0.54815,
    0.55165,
    0.5499,
    0.5537,
    0.55485,
    0.55105,
    0.55115,
    0.55215,
    0.5529,
    0.5522,
    0.55095,
    0.5504,
    0.55205,
    0.5499,
    0.55275,
    0.55295,
    0.54845,
    0.55145
  ],
  "avg_return_A": [
    13.905,
    13.8,
    11.325,
    13.08,
    12.525,
    13.755,
    13.395,
    13.775,
    13.405,
    14.11,
    13.17,
    13.895,
    14.185,
    12.47,
    13.57,
    13.78,
    13.11,
    13.09,
    14.225,
    12.79,
    11.3,
    12.43,
    13.27,
    13.075,
    12.93,
    12.77,
    12.715,
    13.845,
    12.62,
    14.685
  ],
  "avg_return_B": [
    14.055,
    13.15,
    13.325,
    12.62,
    14.23,
    13.575,
    10.235,
    13.535,
    14.67,
    13.995,
    13.905,
    12.835,
    12.07,
    11.475,
    13.16,
    14.03,
    14.125,
    13.52,
    14.555,
    11.53,
    13.155,
    14.42,
    13.79,
    13.625,
    12.94,
    14.12,
    13.11,
    11.315,
    13.365,
    11.79
  ],
  "avg_steps_A": [
    9.725,
    9.84,
    10.665,
    10.19,
    10.295,
    10.015,
    9.935,
    9.975,
    10.065,
    9.86,
    10.14,
    10.005,
    9.725,
    10.16,
    9.99,
    9.98,
    10.21,
    10.09,
    9.805,
    10.03,
    10.77,
    10.45,
    10.09,
    10.015,
    10.03,
    10.29,
    10.315,
    9.525,
    10.16,
    9.575
  ],
  "avg_steps_B": [
    9.735,
    9.95,
    10.045,
    10.26,
    9.87,
    10.095,
    10.965,
    10.035,
    9.65,
    9.935,
    9.965,
    10.315,
    10.43,
    10.595,
    10.09,
    9.87,
    9.905,
    10.04,
    9.655,
    10.46,
    9.985,
    9.84,
    9.89,
    10.005,
    9.94,
    9.84,
    10.12,
    10.515,
    9.945,
    10.6
  ],
  "A_dry_cross_share": [
    0.998234552332913,
    0.9970304380103935,
    0.998472116119175,
    0.9974785678265254,
    0.9980183304433986,
    0.9982354423997983,
    0.997037768452234,
    0.9989937106918239,
    0.9969811320754717,
    0.9972158947102,
    0.9977488744372186,
    0.9967237903225806,
    0.9975049900199601,
    0.99725,
    0.998738329548322,
    0.999000499750125,
    0.9977578475336323,
    0.9972431077694236,
    0.9974943623152093,
    0.9977295660948536,
    0.997211660329531,
    0.9980084640278815,
    0.9972444889779559,
    0.9974702757399444,
    0.9982210927573062,
    0.9987506246876562,
    0.9985130111524163,
    0.9980044898977302,
    0.9985093167701863,
    0.9979949874686717
  ],
  "B_flooded_cross_share": [
    0.9980124223602485,
    0.9977023232065356,
    0.9987487487487487,
    0.9987360970677452,
    0.9969496695475343,
    0.9970164097463948,
    0.9974398361495136,
    0.9979914637208135,
    0.9994940551479888,
    0.9982677555060628,
    0.998742770932864,
    0.9987580725285643,
    0.9979570990806946,
    0.9977392614920875,
    0.9972382626161185,
    0.998518884226117,
    0.9980237154150198,
    0.9974817426340972,
    0.997997997997998,
    0.9984898061917946,
    0.9974893296510168,
    0.9984984984984985,
    0.998501872659176,
    0.9985096870342772,
    0.9964628600303184,
    0.997002997002997,
    0.9982451742291301,
    0.9964592817400101,
    0.9982363315696648,
    0.9982332155477032
  ],
  "eps_A": [
    0.005,
    0.005,
    0.005,
    0.005,
    0.005,
    0.005,
    0.005,
    0.005,
    0.005,
    0.005,
    0.005,
    0.005,
    0.005,
    0.005,
    0.005,
    0.005,
    0.005,
    0.005,
    0.005,
    0.005,
    0.005,
    0.005,
    0.005,
    0.005,
    0.005,
    0.005,
    0.005,
    0.005,
    0.005,
    0.005
  ],
  "eps_B": [
    0.005,
    0.005,
    0.005,
    0.005,
    0.005,
    0.005,
    0.005,
    0.005,
    0.005,
    0.005,
    0.005,
    0.005,
    0.005,
    0.005,
    0.005,
    0.005,
    0.005,
    0.005,
    0.005,
    0.005,
    0.005,
    0.005,
    0.005,
    0.005,
    0.005,
    0.005,
    0.005,
    0.005,
    0.005,
    0.005
  ]
}