{
  "step": [
    20000,
    40000,
    60000,
    80000,
    100000,
    120000,
    140000,
    160000,
    180000,
    200000
  ],
  "collision_rate": [
    0.0,
    0.0,
    0.0,
    0.0,
    0.0,
    0.0,
    0.0,
    0.0,
    0.0,
    0.0
  ],
  "water_A_rate": [
    0.02005,
    0.02835,
    0.02725,
    0.0255,
    0.0258,
    0.02305,
    0.0204,
    0.01535,
    0.01105,
    0.0049
  ],
  "delivery_rate_A": [
    0.0082,
    0.01485,
    0.0232,
    0.0312,
    0.0421,
    0.0516,
    0.0613,
    0.07175,
    0.0827,
    0.0945
  ],
  "delivery_rate_B": [
    0.0,
    0.0,
    0.0,
    0.0,
    0.0,
    0.0,
    0.0,
    0.0,
    0.0,
    0.0
  ],
  "avg_return_A": [
    -548.5365853658536,
    -251.84,
    -143.275,
    -94.315,
    -50.805,
    -32.355,
    -13.815,
    -6.2,
    4.73,
    13.205
  ],
  "avg_return_B": [
    NaN,
    NaN,
    NaN,
    NaN,
    NaN,
    NaN,
    NaN,
    NaN,
    NaN,
    NaN
  ],
  "avg_steps_A": [
    121.51219512195122,
    59.66,
    39.035,
    29.325,
    21.145,
    17.825,
    14.805,
    13.4,
    11.52,
    9.965
  ],
  "avg_steps_B": [
    NaN,
    NaN,
    NaN,
    NaN,
    NaN,
    NaN,
    NaN,
    NaN,
    NaN,
    NaN
  ],
  "A_dry_cross_share": [
    0.549438202247191,
    0.5538945712037766,
    0.6385941644562334,
    0.6955223880597015,
    0.7368689444161143,
    0.8039965986394558,
    0.8393068137061835,
    0.8966677886233592,
    0.933871932974267,
    0.9739084132055378
  ],
  "B_flooded_cross_share": [
    0.0,
    0.0,
    0.0,
    0.0,
    0.0,
    0.0,
    0.0,
    0.0,
    0.0,
    0.0
  ],
  "eps_A": [
    0.901,
    0.802,
    0.7030000000000001,
    0.604,
    0.505,
    0.406,
    0.30700000000000005,
    0.20799999999999996,
    0.10899999999999999,
    0.010000000000000009
  ],
  "eps_B": [
    0.901,
    0.802,
    0.7030000000000001,
    0.604,
    0.505,
    0.406,
    0.30700000000000005,
    0.20799999999999996,
    0.10899999999999999,
    0.010000000000000009
  ]
}