{
  "step": [
    20000,
    40000,
    60000,
    80000,
    100000,
    120000,
    140000,
    160000,
    180000,
    200000,
    220000,
    240000
  ],
  "collision_rate": [
    1.1065,
    1.14555,
    1.1194,
    1.0445,
    1.007,
    0.98715,
    0.78755,
    0.6316,
    0.4608,
    0.36505,
    0.21985,
    0.1238
  ],
  "water_A_rate": [
    0.0666,
    0.06795,
    0.0681,
    0.0695,
    0.06415,
    0.0615,
    0.0625,
    0.05425,
    0.04715,
    0.0365,
    0.0261,
    0.01495
  ],
  "delivery_rate_A": [
    0.17825,
    0.2071,
    0.2251,
    0.234,
    0.245,
    0.26335,
    0.2775,
    0.2905,
    0.30665,
    0.32545,
    0.34345,
    0.36395
  ],
  "delivery_rate_B": [
    0.19705,
    0.22335,
    0.24235,
    0.25795,
    0.27575,
    0.2939,
    0.2991,
    0.31085,
    0.3169,
    0.333,
    0.34495,
    0.36185
  ],
  "avg_return_A": [
    -97.67,
    -88.41,
    -79.01,
    -66.3,
    -59.345,
    -52.965,
    -36.275,
    -18.11,
    -13.93,
    -2.565,
    -4.62,
    8.55
  ],
  "avg_return_B": [
    -89.85,
    -71.14,
    -61.145,
    -46.155,
    -39.06,
    -33.045,
    -22.78,
    -13.505,
    -10.02,
    -1.445,
    1.515,
    8.735
  ],
  "avg_steps_A": [
    19.82,
    18.47,
    17.4,
    16.29,
    15.865,
    14.755,
    14.175,
    13.03,
    12.34,
    11.485,
    11.47,
    10.44
  ],
  "avg_steps_B": [
    19.3,
    16.58,
    15.545,
    14.065,
    13.41,
    12.425,
    12.73,
    12.935,
    12.35,
    11.545,
    10.665,
    10.515
  ],
  "A_dry_cross_share": [
    0.7964601769911505,
    0.7952480782669462,
    0.8211425520555259,
    0.8462181362306728,
    0.8711093375897845,
    0.8770398481973435,
    0.9034887512226932,
    0.9212907117008444,
    0.9392724147808651,
    0.951650260567458,
    0.9709521247982786,
    0.9849566547679756
  ],
  "B_flooded_cross_share": [
    0.5269817640491254,
    0.531637094074322,
    0.5123993558776168,
    0.5641515440942375,
    0.5825554259043174,
    0.624860956618465,
    0.7189524077724585,
    0.8007166482910695,
    0.9002254791431793,
    0.8447464715107161,
    0.9353312302839116,
    0.98659793814433
  ],
  "eps_A": [
    0.4608,
    0.4216,
    0.3824,
    0.3432,
    0.304,
    0.26480000000000004,
    0.22559999999999997,
    0.1864,
    0.1472,
    0.10799999999999998,
    0.06880000000000003,
    0.029600000000000015
  ],
  "eps_B": [
    0.4608,
    0.4216,
    0.3824,
    0.3432,
    0.304,
    0.26480000000000004,
    0.22559999999999997,
    0.1864,
    0.1472,
    0.10799999999999998,
    0.06880000000000003,
    0.029600000000000015
  ]
}