{
  "step": [
    25000,
    50000,
    75000,
    100000
  ],
  "collision_rate": [
    0.18068,
    0.03312,
    0.23228,
    0.21028
  ],
  "water_A_rate": [
    0.00128,
    0.0012,
    0.0016,
    0.0014
  ],
  "delivery_rate_A": [
    0.37532,
    0.38016,
    0.3724,
    0.37712
  ],
  "delivery_rate_B": [
    0.38476,
    0.38456,
    0.409,
    0.40908
  ],
  "avg_return_A": [
    13.29,
    14.3,
    6.945,
    5.02
  ],
  "avg_return_B": [
    12.73,
    12.65,
    14.185,
    11.28
  ],
  "avg_steps_A": [
    9.97,
    9.84,
    10.165,
    9.82
  ],
  "avg_steps_B": [
    10.03,
    10.3,
    8.965,
    9.09
  ],
  "A_dry_cross_share": [
    0.9978308026030369,
    0.9985889941544044,
    0.9981580024559967,
    0.9981825525040388
  ],
  "B_flooded_cross_share": [
    0.9981765134938001,
    0.9409135082604471,
    0.7538240057585028,
    0.7888106706187477
  ],
  "eps_A": [
    0.005,
    0.005,
    0.005,
    0.005
  ],
  "eps_B": [
    0.005,
    0.005,
    0.005,
    0.005
  ]
}