{
  "step": [
    25000,
    50000,
    75000,
    100000
  ],
  "collision_rate": [
    0.00952,
    0.01084,
    0.0098,
    0.01052
  ],
  "water_A_rate": [
    0.00124,
    0.0016,
    0.00128,
    0.00152
  ],
  "delivery_rate_A": [
    0.37872,
    0.38068,
    0.3812,
    0.38264
  ],
  "delivery_rate_B": [
    0.38244,
    0.38108,
    0.38028,
    0.37972
  ],
  "avg_return_A": [
    13.655,
    14.04,
    13.09,
    13.88
  ],
  "avg_return_B": [
    14.015,
    11.98,
    13.12,
    13.245
  ],
  "avg_steps_A": [
    10.015,
    9.69,
    10.07,
    9.87
  ],
  "avg_steps_B": [
    9.905,
    10.33,
    10.18,
    10.205
  ],
  "A_dry_cross_share": [
    0.9987966305655837,
    0.9967897271268058,
    0.9983942191890807,
    0.9972027972027973
  ],
  "B_flooded_cross_share": [
    0.9975767366720517,
    0.9979838709677419,
    0.9985918326292497,
    0.9983848172824551
  ],
  "eps_A": [
    0.005,
    0.005,
    0.005,
    0.005
  ],
  "eps_B": [
    0.005,
    0.005,
    0.005,
    0.005
  ]
}